DATE,ENTRY,USCPI,CANEX,CANCPI,JAPANEX,JAPANCPI,SWEX,SWCPI
01-Jan-74,22-Mar-00,117.293,0.992,121.077,299.685,135.294,3.364,127.774
01-Feb-74,22-Mar-00,118.546,0.977,122.057,291.658,139.706,3.176,126.836
01-Mar-74,22-Mar-00,119.799,0.972,123.528,287.949,140.294,3.079,127.431
01-Apr-74,22-Mar-00,120.551,0.968,124.508,292.197,144.118,3.027,126.662
01-May-74,22-Mar-00,121.805,0.962,126.959,291.43,144.706,2.917,128.886
01-Jun-74,22-Mar-00,122.807,0.966,127.939,293.466,145.294,2.99,129.571
01-Jul-74,22-Mar-00,123.559,0.976,128.92,296.374,148.235,2.964,129.999
01-Aug-74,22-Mar-00,125.063,0.98,130.39,297.976,149.706,2.985,131.28
01-Sep-74,22-Mar-00,126.817,0.986,131.371,299.909,151.765,2.997,133.415
01-Oct-74,22-Mar-00,127.82,0.983,132.841,302.336,155.294,2.897,134.271
01-Nov-74,22-Mar-00,129.073,0.987,133.822,302.545,156.471,2.75,136.149
01-Dec-74,22-Mar-00,130.075,0.988,135.292,305.67,157.059,2.603,136.321
01-Jan-75,22-Mar-00,131.078,0.995,135.292,304.636,158.824,2.528,137.09
01-Feb-75,22-Mar-00,131.83,1,136.763,301.594,159.118,2.473,137.518
01-Mar-75,22-Mar-00,132.331,1,137.253,300.518,160.588,2.483,138.033
01-Apr-75,22-Mar-00,132.832,1.011,138.233,299.109,163.235,2.559,138.374
01-May-75,22-Mar-00,133.083,1.029,139.704,299.004,164.118,2.51,139.399
01-Jun-75,22-Mar-00,134.085,1.026,141.174,299.191,164.118,2.495,139.911
01-Jul-75,22-Mar-00,135.338,1.031,143.135,294.641,164.706,2.614,139.655
01-Aug-75,22-Mar-00,135.84,1.035,144.606,290.626,164.118,2.679,140.083
01-Sep-75,22-Mar-00,136.842,1.026,145.096,287.361,167.647,2.71,140.593
01-Oct-75,22-Mar-00,137.594,1.025,146.076,291.189,170.294,2.663,140.767
01-Nov-75,22-Mar-00,138.596,1.014,147.547,295.165,169.706,2.654,141.193
01-Dec-75,22-Mar-00,139.348,1.014,148.037,294.702,169.706,2.634,141.021
01-Jan-76,22-Mar-00,139.85,1.007,148.527,291.052,172.647,2.603,141.792
01-Feb-76,22-Mar-00,140.1,0.994,149.508,285.022,174.118,2.57,141.705
01-Mar-76,22-Mar-00,140.351,0.986,149.998,280.226,174.412,2.566,141.449
01-Apr-76,22-Mar-00,140.602,0.984,150.488,275.207,178.529,2.53,141.449
01-May-76,22-Mar-00,141.353,0.98,151.468,277.426,179.412,2.487,141.193
01-Jun-76,22-Mar-00,142.105,0.974,152.449,272.861,179.706,2.47,141.449
01-Jul-76,22-Mar-00,142.857,0.972,153.429,264.863,180.882,2.485,141.705
01-Aug-76,22-Mar-00,143.609,0.985,153.429,266.677,179.706,2.481,142.218
01-Sep-76,22-Mar-00,144.361,0.975,154.409,266.77,184.118,2.473,141.877
01-Oct-76,22-Mar-00,145.113,0.973,155.39,254.744,185.294,2.446,142.218
01-Nov-76,22-Mar-00,145.614,0.986,155.88,244.703,185.294,2.442,142.474
01-Dec-76,22-Mar-00,146.366,1.018,156.37,241.023,187.647,2.45,142.817
01-Jan-77,22-Mar-00,147.118,1.01,157.841,241.081,189.118,2.492,143.071
01-Feb-77,22-Mar-00,148.622,1.028,158.821,240.372,190,2.521,143.161
01-Mar-77,22-Mar-00,149.373,1.051,160.782,231.857,191.176,2.551,142.902
01-Apr-77,22-Mar-00,150.376,1.052,161.762,221.857,194.412,2.526,143.071
01-May-77,22-Mar-00,150.877,1.049,163.723,226.179,196.176,2.519,142.987
01-Jun-77,22-Mar-00,151.629,1.058,164.213,214.106,195.294,2.49,143.927
01-Jul-77,22-Mar-00,152.381,1.061,166.174,199.696,194.706,2.41,144.014
01-Aug-77,22-Mar-00,153.133,1.075,166.174,188.71,195,2.408,144.014
01-Sep-77,22-Mar-00,153.634,1.073,167.645,189.92,198.235,2.374,144.099
01-Oct-77,22-Mar-00,154.386,1.099,169.115,183.631,199.412,2.278,144.388
01-Nov-77,22-Mar-00,155.388,1.109,170.096,192.143,197.353,2.198,144.243
01-Dec-77,22-Mar-00,156.14,1.097,171.076,195.955,196.765,2.077,144.532
01-Jan-78,22-Mar-00,157.143,1.101,172.056,197.755,197.647,1.986,144.532
01-Feb-78,22-Mar-00,157.895,1.113,173.527,200.507,198.824,1.91,144.674
01-Mar-78,22-Mar-00,158.897,1.126,174.997,206.324,200.588,1.899,144.818
01-Apr-78,22-Mar-00,160.15,1.142,175.488,216.285,202.647,1.905,145.107
01-May-78,22-Mar-00,161.654,1.119,177.939,218.414,203.824,1.965,145.251
01-Jun-78,22-Mar-00,162.907,1.122,179.409,218.597,202.941,1.885,145.54
01-Jul-78,22-Mar-00,164.16,1.125,181.86,216.51,203.529,1.804,145.54
01-Aug-78,22-Mar-00,165.163,1.14,182.35,217.926,204.118,1.667,145.684
01-Sep-78,22-Mar-00,166.667,1.166,181.86,222.414,206.176,1.57,145.251
01-Oct-78,22-Mar-00,168.17,1.183,184.311,230.485,206.765,1.537,144.965
01-Nov-78,22-Mar-00,169.173,1.173,185.291,244.984,204.706,1.675,145.251
01-Dec-78,22-Mar-00,170.175,1.18,185.782,240.375,204.412,1.676,145.54
01-Jan-79,22-Mar-00,171.679,1.19,186.762,237.889,204.706,1.671,146.117
01-Feb-79,22-Mar-00,173.434,1.196,189.213,244.35,204.118,1.675,147.702
01-Mar-79,22-Mar-00,175.188,1.174,191.174,248.479,205.882,1.682,148.421
01-Apr-79,22-Mar-00,176.942,1.146,192.644,250.275,208.529,1.718,148.854
01-May-79,22-Mar-00,178.947,1.156,194.605,228.629,210.294,1.727,149.431
01-Jun-79,22-Mar-00,180.952,1.172,195.585,217.918,210.588,1.699,151.446
01-Jul-79,22-Mar-00,182.957,1.164,197.056,221.136,212.353,1.649,151.879
01-Aug-79,22-Mar-00,184.712,1.171,197.546,223.914,210.294,1.657,151.591
01-Sep-79,22-Mar-00,186.466,1.165,199.507,214.417,212.941,1.611,152.312
01-Oct-79,22-Mar-00,188.471,1.175,200.977,209.323,215.588,1.631,152.168
01-Nov-79,22-Mar-00,190.476,1.18,202.938,213.106,214.706,1.643,152.745
01-Dec-79,22-Mar-00,192.732,1.17,203.919,209.489,216.176,1.599,153.031
01-Jan-80,22-Mar-00,195.489,1.164,204.899,202.367,218.235,1.595,153.464
01-Feb-80,22-Mar-00,197.995,1.156,207.35,205.717,220,1.641,153.753
01-Mar-80,22-Mar-00,200.752,1.173,208.82,208.792,221.176,1.764,154.186
01-Apr-80,22-Mar-00,202.757,1.186,210.291,214.976,225.294,1.761,154.907
01-May-80,22-Mar-00,204.762,1.174,212.742,220.629,227.059,1.663,155.915
01-Jun-80,22-Mar-00,206.767,1.152,215.193,224.18,227.941,1.634,156.348
01-Jul-80,22-Mar-00,207.018,1.152,216.663,232.326,228.235,1.608,156.925
01-Aug-80,22-Mar-00,208.521,1.159,219.114,233.326,227.647,1.652,157.933
01-Sep-80,22-Mar-00,210.276,1.165,220.585,229.481,231.471,1.639,158.077
01-Oct-80,22-Mar-00,212.281,1.169,222.546,231.519,232.059,1.662,157.789
01-Nov-80,22-Mar-00,214.536,1.186,225.487,223.127,232.647,1.726,159.229
01-Dec-80,22-Mar-00,216.541,1.197,226.467,218.955,231.765,1.785,159.804
01-Jan-81,22-Mar-00,218.546,1.191,229.899,224.805,234.118,1.822,161.392
01-Feb-81,22-Mar-00,220.551,1.198,232.35,235.306,233.824,1.942,162.976
01-Mar-81,22-Mar-00,222.055,1.191,235.291,241.228,234.706,1.922,163.984
01-Apr-81,22-Mar-00,223.308,1.191,236.761,244.107,236.471,1.974,163.698
01-May-81,22-Mar-00,224.812,1.201,238.722,236.964,238.529,2.066,165.139
01-Jun-81,22-Mar-00,226.817,1.204,242.643,251.198,239.118,2.074,166.291
01-Jul-81,22-Mar-00,229.323,1.211,244.604,255.031,238.235,2.098,167.154
01-Aug-81,22-Mar-00,231.078,1.223,246.565,259.046,237.059,2.17,169.749
01-Sep-81,22-Mar-00,233.333,1.201,248.526,263.286,240.882,2.022,169.894
01-Oct-81,22-Mar-00,234.085,1.203,250.977,271.615,241.471,1.885,169.316
01-Nov-81,22-Mar-00,235.088,1.187,252.937,264.088,241.471,1.786,170.324
01-Dec-81,22-Mar-00,235.84,1.185,253.918,241.941,241.471,1.815,170.324
01-Jan-82,22-Mar-00,236.591,1.193,255.879,232.731,241.471,1.844,171.19
01-Feb-82,22-Mar-00,237.343,1.214,258.82,236.121,241.471,1.891,171.479
01-Mar-82,22-Mar-00,237.343,1.22,262.251,238.254,241.471,1.889,171.765
01-Apr-82,22-Mar-00,238.095,1.225,263.722,237.747,243.529,1.962,172.775
01-May-82,22-Mar-00,240.351,1.234,267.153,234.756,244.412,1.95,174.937
01-Jun-82,22-Mar-00,243.108,1.276,270.094,240.031,244.412,2.079,176.522
01-Jul-82,22-Mar-00,244.361,1.27,271.565,240.516,242.941,2.096,177.241
01-Aug-82,22-Mar-00,244.862,1.245,272.545,244.461,244.706,2.112,178.537
01-Sep-82,22-Mar-00,244.862,1.235,274.016,242.346,248.235,2.142,179.259
01-Oct-82,22-Mar-00,245.865,1.23,275.976,232.886,249.118,2.174,179.692
01-Nov-82,22-Mar-00,245.614,1.226,277.447,235.03,246.765,2.193,180.269
01-Dec-82,22-Mar-00,244.862,1.238,277.447,234.462,246.471,2.05,179.691
01-Jan-83,22-Mar-00,245.363,1.229,276.957,233.8,246.765,1.968,179.423
01-Feb-83,22-Mar-00,245.614,1.228,278.427,233.596,245.882,2.018,179.671
01-Mar-83,22-Mar-00,245.865,1.226,281.368,225.266,247.353,2.066,180.014
01-Apr-83,22-Mar-00,247.619,1.232,281.368,225.2,248.235,2.059,180.577
01-May-83,22-Mar-00,248.622,1.229,281.859,230.478,250.882,2.057,180.731
01-Jun-83,22-Mar-00,249.123,1.232,284.8,233.566,249.412,2.112,181.478
01-Jul-83,22-Mar-00,250.125,1.232,286.27,243.068,248.235,2.118,181.124
01-Aug-83,22-Mar-00,250.877,1.234,287.741,242.261,247.941,2.163,181.612
01-Sep-83,22-Mar-00,251.629,1.233,287.741,245.457,250.588,2.162,181.838
01-Oct-83,22-Mar-00,252.632,1.232,289.702,246.755,252.647,2.112,182.273
01-Nov-83,22-Mar-00,253.383,1.237,289.702,243.631,251.471,2.17,183.428
01-Dec-83,22-Mar-00,254.135,1.247,290.192,247.964,250.588,2.198,183.53
01-Jan-84,22-Mar-00,255.89,1.248,292.153,254.183,251.471,2.238,184.189
01-Feb-84,22-Mar-00,257.143,1.248,293.623,260.478,252.941,2.205,184.854
01-Mar-84,22-Mar-00,257.895,1.27,294.113,257.921,253.529,2.149,186.056
01-Apr-84,22-Mar-00,258.897,1.28,295.094,251.845,254.118,2.191,186.33
01-May-84,22-Mar-00,259.398,1.294,295.094,251.73,255.882,2.268,185.943
01-Jun-84,22-Mar-00,259.9,1.304,297.054,248.84,254.118,2.283,186.542
01-Jul-84,22-Mar-00,260.902,1.324,298.035,241.136,254.706,2.412,186.212
01-Aug-84,22-Mar-00,261.654,1.304,298.035,237.461,252.647,2.415,186.872
01-Sep-84,22-Mar-00,262.406,1.315,298.525,236.528,256.471,2.505,186.758
01-Oct-84,22-Mar-00,263.409,1.319,299.505,214.68,258.235,2.525,187.939
01-Nov-84,22-Mar-00,263.91,1.317,300.976,204.074,257.059,2.47,188.921
01-Dec-84,22-Mar-00,264.411,1.32,300.976,202.788,257.353,2.56,188.86
01-Jan-85,22-Mar-00,264.912,1.324,302.447,199.891,258.235,2.659,190.706
01-Feb-85,22-Mar-00,266.416,1.355,304.407,184.852,257.353,2.805,192.262
01-Mar-85,22-Mar-00,267.669,1.384,304.897,178.694,258.235,2.803,193.331
01-Apr-85,22-Mar-00,268.17,1.366,306.368,175.092,259.706,2.595,193.096
01-May-85,22-Mar-00,268.672,1.376,307.348,167.031,260.294,2.615,192.962
01-Jun-85,22-Mar-00,269.424,1.368,308.819,167.542,260.294,2.572,192.866
01-Jul-85,22-Mar-00,269.925,1.353,310.29,158.606,260.882,2.406,192.454
01-Aug-85,22-Mar-00,270.426,1.357,310.29,154.177,260.294,2.296,192.413
01-Sep-85,22-Mar-00,270.927,1.37,310.78,154.731,260.588,2.336,193.006
01-Oct-85,22-Mar-00,271.93,1.367,311.76,156.472,262.941,2.169,193.487
01-Nov-85,22-Mar-00,273.183,1.377,312.74,162.849,260.882,2.131,194.855
01-Dec-85,22-Mar-00,274.436,1.396,314.211,162.052,261.176,2.104,194.975
01-Jan-86,22-Mar-00,275.439,1.407,315.682,154.83,262.059,2.066,194.892
01-Feb-86,22-Mar-00,274.937,1.404,317.152,153.407,261.765,1.955,194.844
01-Mar-86,22-Mar-00,273.434,1.401,318.133,151.433,261.765,1.915,195.085
01-Apr-86,22-Mar-00,272.431,1.388,318.133,142.899,262.353,1.902,194.978
01-May-86,22-Mar-00,273.183,1.376,320.093,140.479,263.235,1.854,194.384
01-Jun-86,22-Mar-00,274.185,1.39,320.583,144.549,261.765,1.841,194.344
01-Jul-86,22-Mar-00,274.436,1.381,323.034,150.294,261.176,1.744,193.427
01-Aug-86,22-Mar-00,274.687,1.389,323.525,147.334,260.588,1.662,193.8
01-Sep-86,22-Mar-00,275.689,1.387,323.525,143.291,261.765,1.654,194.137
01-Oct-86,22-Mar-00,276.19,1.389,325.485,143.32,262.059,1.643,194.184
01-Nov-86,22-Mar-00,276.692,1.386,326.956,135.397,260.882,1.686,194.665
01-Dec-86,22-Mar-00,277.694,1.38,327.446,128.242,260.294,1.665,195.054
01-Jan-87,22-Mar-00,279.198,1.361,328.427,127.685,259.412,1.562,196.182
01-Feb-87,22-Mar-00,280.201,1.334,329.897,129.167,259.412,1.54,196.758
01-Mar-87,22-Mar-00,281.203,1.319,330.877,127.114,260.294,1.539,197.033
01-Apr-87,22-Mar-00,282.456,1.319,332.838,124.898,262.647,1.496,197.279
01-May-87,22-Mar-00,283.208,1.341,334.799,124.787,263.235,1.47,196.185
01-Jun-87,22-Mar-00,284.461,1.339,335.779,127.466,262.647,1.509,196.812
01-Jul-87,22-Mar-00,285.213,1.326,337.74,133.022,261.471,1.537,196.862
01-Aug-87,22-Mar-00,286.466,1.326,338.23,133.766,261.765,1.536,197.628
01-Sep-87,22-Mar-00,287.469,1.315,338.23,134.318,264.118,1.503,197.158
01-Oct-87,22-Mar-00,288.221,1.31,339.211,128.68,264.118,1.494,198.028
01-Nov-87,22-Mar-00,289.223,1.317,340.681,123.202,262.647,1.383,198.748
01-Dec-87,22-Mar-00,289.724,1.308,341.171,123.608,262.353,1.33,198.734
01-Jan-88,22-Mar-00,290.727,1.286,341.662,127.363,261.765,1.347,199.241
01-Feb-88,22-Mar-00,291.228,1.268,343.132,127.737,261.176,1.392,200.215
01-Mar-88,22-Mar-00,291.98,1.249,345.093,130.55,262.059,1.386,200.678
01-Apr-88,22-Mar-00,293.734,1.235,346.073,132.036,263.529,1.382,201.061
01-May-88,22-Mar-00,294.486,1.237,348.034,137.864,263.824,1.411,200.573
01-Jun-88,22-Mar-00,295.739,1.218,349.014,143.981,263.235,1.463,200.885
01-Jul-88,22-Mar-00,296.992,1.208,350.975,140.424,262.647,1.534,200.428
01-Aug-88,22-Mar-00,298.246,1.224,351.465,141.485,263.529,1.584,201.127
01-Sep-88,22-Mar-00,299.499,1.227,351.956,145.07,265.588,1.576,201.179
01-Oct-88,22-Mar-00,300.501,1.206,353.916,142.207,266.765,1.537,201.5
01-Nov-88,22-Mar-00,301.504,1.219,354.407,143.534,265.882,1.468,202.241
01-Dec-88,22-Mar-00,302.506,1.196,354.407,143.685,265,1.48,202.607
01-Jan-89,22-Mar-00,303.759,1.191,356.367,144.982,264.412,1.562,203.717
01-Feb-89,22-Mar-00,304.762,1.189,358.818,145.693,263.824,1.574,204.741
01-Mar-89,22-Mar-00,306.266,1.195,360.779,153.308,265,1.611,205.292
01-Apr-89,22-Mar-00,308.521,1.189,361.759,158.459,269.706,1.647,206.372
01-May-89,22-Mar-00,310.025,1.192,365.681,154.044,271.176,1.729,206.514
01-Jun-89,22-Mar-00,311.028,1.199,367.151,153.696,270.882,1.709,206.868
01-Jul-89,22-Mar-00,312.03,1.189,369.602,149.04,270.588,1.628,206.41
01-Aug-89,22-Mar-00,312.03,1.176,370.093,147.461,270.294,1.661,207.095
01-Sep-89,22-Mar-00,312.782,1.183,370.583,138.44,272.647,1.687,207.996
01-Oct-89,22-Mar-00,314.286,1.175,372.053,129.591,274.706,1.63,208.818
01-Nov-89,22-Mar-00,315.539,1.17,373.034,129.215,271.765,1.619,211.228
01-Dec-89,22-Mar-00,316.541,1.161,373.034,133.889,272.059,1.569,212.781
01-Jan-90,22-Mar-00,319.549,1.172,375.975,133.699,273.235,1.518,214.034
01-Feb-90,22-Mar-00,320.802,1.196,378.426,130.536,273.529,1.488,214.728
01-Mar-90,22-Mar-00,322.306,1.18,379.896,137.387,274.706,1.513,215.467
01-Apr-90,22-Mar-00,323.058,1.164,379.896,137.113,276.765,1.487,215.911
01-May-90,22-Mar-00,323.559,1.175,381.857,138.222,278.235,1.42,216.961
01-Jun-90,22-Mar-00,325.564,1.173,383.328,139.748,277.059,1.425,217.263
01-Jul-90,22-Mar-00,327.068,1.157,384.798,137.83,276.765,1.392,217.37
01-Aug-90,22-Mar-00,329.825,1.145,385.288,136.816,277.647,1.308,219.694
01-Sep-90,22-Mar-00,332.08,1.158,386.269,134.299,280,1.307,220.738
01-Oct-90,22-Mar-00,334.336,1.16,389.7,130.772,282.941,1.282,222.082
01-Nov-90,22-Mar-00,335.088,1.164,392.151,129.632,282.353,1.257,224.02
01-Dec-90,22-Mar-00,336.341,1.16,391.661,128.04,282.059,1.281,224.008
01-Jan-91,22-Mar-00,337.594,1.156,401.955,125.461,284.118,1.271,225.826
01-Feb-91,22-Mar-00,337.845,1.155,401.955,127.699,283.235,1.269,228.07
01-Mar-91,22-Mar-00,337.845,1.157,403.425,132.863,284.706,1.392,228.106
01-Apr-91,22-Mar-00,338.596,1.154,403.425,133.54,286.471,1.44,228.654
01-May-91,22-Mar-00,339.85,1.15,405.386,130.771,287.647,1.457,230.584
01-Jun-91,22-Mar-00,340.852,1.144,407.347,126.836,286.765,1.53,231.53
01-Jul-91,22-Mar-00,341.353,1.149,407.837,125.882,286.471,1.548,231.61
01-Aug-91,22-Mar-00,342.356,1.145,408.327,126.231,287.059,1.52,232.815
01-Sep-91,22-Mar-00,343.358,1.137,407.347,122.597,287.353,1.48,233.267
01-Oct-91,22-Mar-00,343.86,1.128,406.857,121.165,290.588,1.478,233.473
01-Nov-91,22-Mar-00,345.363,1.13,408.327,123.88,291.176,1.435,236.277
01-Dec-91,22-Mar-00,346.366,1.147,406.367,124.041,289.706,1.386,235.716
01-Jan-92,23-Mar-00,346.617,1.157,408.327,124.993,289.118,1.404,236.825
01-Feb-92,23-Mar-00,347.368,1.183,408.327,120.76,288.824,1.456,238.516
01-Mar-92,23-Mar-00,348.622,1.193,409.798,117.017,290.294,1.509,239.212
01-Apr-92,23-Mar-00,349.373,1.187,410.288,112.411,293.235,1.519,239.594
01-May-92,23-Mar-00,350.125,1.199,410.778,110.343,293.529,1.491,240.225
01-Jun-92,23-Mar-00,351.128,1.196,411.759,107.412,293.235,1.425,241.18
01-Jul-92,23-Mar-00,352.13,1.192,412.739,107.691,291.176,1.335,240.454
01-Aug-92,23-Mar-00,352.882,1.191,412.739,103.765,292.059,1.297,241.083
01-Sep-92,23-Mar-00,353.634,1.222,412.739,105.575,293.235,1.278,241.367
01-Oct-92,23-Mar-00,355.138,1.245,413.229,107.02,293.529,1.318,241.717
01-Nov-92,23-Mar-00,356.14,1.267,415.19,107.876,292.941,1.429,244.042
01-Dec-92,23-Mar-00,356.642,1.273,415.19,109.913,292.941,1.422,243.78
01-Jan-93,23-Mar-00,357.895,1.278,416.661,111.442,292.647,1.477,245.03
01-Feb-93,23-Mar-00,358.647,1.26,418.131,106.301,292.941,1.518,246.603
01-Mar-93,23-Mar-00,359.148,1.247,417.641,105.097,293.824,1.521,247.916
01-Apr-93,23-Mar-00,360.401,1.262,417.641,103.484,295.882,1.46,248.669
01-May-93,23-Mar-00,361.404,1.27,418.621,103.753,296.176,1.45,248.816
01-Jun-93,23-Mar-00,361.654,1.279,418.621,102.526,295.882,1.477,248.752
01-Jul-93,23-Mar-00,362.155,1.282,419.602,98.445,296.765,1.515,248.598
01-Aug-93,23-Mar-00,362.907,1.308,420.092,99.94,297.353,1.497,249.823
01-Sep-93,23-Mar-00,363.409,1.321,420.092,98.774,297.647,1.418,249.67
01-Oct-93,23-Mar-00,364.912,1.326,421.072,98.353,297.353,1.443,249.856
01-Nov-93,23-Mar-00,365.915,1.317,423.033,98.044,295.882,1.497,249.519
01-Dec-93,23-Mar-00,366.667,1.331,422.053,100.182,296.176,1.463,249.831
01-Jan-94,23-Mar-00,366.667,1.317,422.053,99.766,296.471,1.472,250.123
01-Feb-94,23-Mar-00,367.669,1.342,418.621,98.237,296.471,1.456,251.139
01-Mar-94,23-Mar-00,368.672,1.364,418.621,90.52,297.647,1.429,251.143
01-Apr-94,23-Mar-00,368.922,1.383,418.621,83.689,298.235,1.438,251.274
01-May-94,23-Mar-00,369.674,1.381,417.641,85.113,298.529,1.413,249.714
01-Jun-94,23-Mar-00,370.677,1.384,418.621,84.635,297.353,1.373,250.107
01-Jul-94,23-Mar-00,371.93,1.383,420.092,87.397,296.176,1.324,250.064
01-Aug-94,23-Mar-00,373.434,1.378,420.582,94.738,297.353,1.318,251.046
01-Sep-94,23-Mar-00,374.185,1.354,421.072,100.546,298.235,1.289,251.148
01-Oct-94,23-Mar-00,374.436,1.35,420.092,100.839,299.706,1.265,250.941
01-Nov-94,23-Mar-00,375.439,1.365,422.543,101.94,298.824,1.296,250.923
01-Dec-94,23-Mar-00,376.19,1.389,423.033,101.85,297.941,1.329,250.881
01-Jan-95,23-Mar-00,377.193,1.413,424.504,105.751,297.941,1.286,252.662
01-Feb-95,23-Mar-00,378.195,1.401,426.464,105.788,297.059,1.272,254.915
01-Mar-95,23-Mar-00,378.947,1.408,427.445,105.94,296.765,1.171,255.071
01-Apr-95,23-Mar-00,380.451,1.376,428.915,107.2,297.647,1.138,255.286
01-May-95,23-Mar-00,381.203,1.361,429.896,106.342,298.235,1.169,254.805
01-Jun-95,23-Mar-00,381.955,1.377,429.896,108.96,297.941,1.159,255.31
01-Jul-95,23-Mar-00,382.456,1.361,430.876,109.191,296.471,1.156,255.138
01-Aug-95,23-Mar-00,383.208,1.355,429.896,107.866,296.765,1.196,255.947
01-Sep-95,23-Mar-00,383.709,1.351,430.386,109.931,298.529,1.187,256.166
01-Oct-95,23-Mar-00,384.712,1.346,429.896,112.412,297.647,1.145,255.888
01-Nov-95,23-Mar-00,385.213,1.353,431.366,112.296,296.765,1.144,255.697
01-Dec-95,23-Mar-00,385.714,1.369,430.386,113.981,296.765,1.163,255.768
01-Jan-96,23-Mar-00,387.719,1.367,431.366,117.912,296.471,1.182,256.498
01-Feb-96,23-Mar-00,388.471,1.375,431.856,122.962,295.882,1.197,256.909
01-Mar-96,23-Mar-00,389.724,1.366,433.817,122.774,296.471,1.196,257.363
01-Apr-96,23-Mar-00,391.228,1.359,434.797,125.638,298.235,1.218,257.612
01-May-96,23-Mar-00,391.98,1.369,436.268,119.192,298.824,1.254,256.671
01-Jun-96,23-Mar-00,392.732,1.366,436.268,114.286,297.941,1.258,257.172
01-Jul-96,23-Mar-00,393.484,1.37,436.268,115.376,297.647,1.232,256.813
01-Aug-96,23-Mar-00,393.985,1.372,436.268,117.93,297.353,1.203,257.477
01-Sep-96,23-Mar-00,395.238,1.369,436.758,120.89,298.529,1.234,257.627
01-Oct-96,23-Mar-00,396.491,1.351,437.739,121.061,299.118,1.259,258.037
01-Nov-96,23-Mar-00,397.744,1.338,439.699,125.382,298.235,1.275,257.563
01-Dec-96,23-Mar-00,398.747,1.362,439.699,129.734,298.529,1.329,257.767
01-Jan-97,23-Mar-00,399.499,1.349,440.68,129.548,298.235,1.391,258.628
01-Feb-97,23-Mar-00,400.251,1.356,441.66,125.852,297.647,1.454,259.081
01-Mar-97,23-Mar-00,400.501,1.373,442.15,129.082,297.941,1.463,258.708
01-Apr-97,23-Mar-00,400.752,1.394,442.15,131.754,304.118,1.462,258.957
01-May-97,23-Mar-00,400.752,1.38,442.641,134.896,304.706,1.433,258.152
01-Jun-97,23-Mar-00,401.504,1.384,443.621,140.331,304.706,1.442,258.411
01-Jul-97,23-Mar-00,402.005,1.377,443.621,140.787,303.529,1.482,258.13
01-Aug-97,23-Mar-00,403.008,1.391,444.111,144.68,303.824,1.513,258.699
01-Sep-97,23-Mar-00,404.01,1.387,444.111,134.481,305.882,1.47,258.694
01-Oct-97,23-Mar-00,404.762,1.387,444.111,121.049,306.765,1.452,258.713
01-Nov-97,23-Mar-00,405.263,1.413,443.621,120.29,304.706,1.407,258.637
01-Dec-97,23-Mar-00,405.514,1.427,443.131,117.071,304.118,1.439,258.762
01-Jan-98,23-Mar-00,406.015,1.441,445.582,113.29,303.824,1.475,258.668
01-Feb-98,23-Mar-00,406.015,1.433,446.072,116.668,303.529,1.463,258.985
01-Mar-98,23-Mar-00,406.015,1.417,446.562,119.473,304.706,1.49,258.794
01-Apr-98,23-Mar-00,406.516,1.43,446.072,119.772,305.294,1.505,258.899
01-May-98,23-Mar-00,407.519,1.445,447.542,122,306.176,1.479,258.364
01-Jun-98,23-Mar-00,408.02,1.466,448.033,120.725,305,1.495,258.672
01-Jul-98,23-Mar-00,409.023,1.487,448.033,119.331,303.235,1.514,258.324
01-Aug-98,23-Mar-00,409.524,1.535,448.033,113.227,302.941,1.493,259.06
01-Sep-98,23-Mar-00,409.774,1.522,447.052,106.875,305.294,1.4,258.853
01-Oct-98,23-Mar-00,410.777,1.545,449.013,105.965,307.353,1.337,258.802
01-Nov-98,23-Mar-00,411.278,1.54,449.013,104.649,307.059,1.385,258.382
01-Dec-98,23-Mar-00,412.03,1.543,447.542,102.584,305.882,1.36,258.327
01-Jan-99,23-Mar-00,412.782,1.519,448.523,105.296,304.412,1.386,258.856
01-Feb-99,23-Mar-00,412.782,1.498,449.013,109.388,303.235,1.427,259.731
01-Mar-99,23-Mar-00,413.033,1.518,450.974,106.307,303.529,1.466,260.002
01-Apr-99,23-Mar-00,415.789,1.488,453.425,105.627,305,1.497,260.436
01-May-99,23-Mar-00,416.04,1.461,454.405,108.321,305,1.508,259.852
01-Jun-99,23-Mar-00,416.04,1.47,455.385,106.126,304.118,1.537,260.157
01-Jul-99,23-Mar-00,417.794,1.489,456.366,108.212,302.941,1.547,260.223
01-Aug-99,23-Mar-00,418.797,1.493,457.346,108.08,303.824,1.509,261.51
01-Sep-99,23-Mar-00,420.551,1.477,458.817,106.838,304.706,1.526,262.004
01-Oct-99,23-Mar-00,421.303,1.478,459.307,108.443,305.294,1.49,262.002
01-Nov-99,23-Mar-00,422.055,1.467,458.817,109.01,303.529,1.554,261.752
01-Dec-99,23-Mar-00,423.058,1.472,459.307,112.209,302.647,1.584,262.636
01-Jan-00,23-Mar-00,424.311,1.449,458.327,116.672,302.353,1.59,262.96
01-Feb-00,23-Mar-00,426.065,1.451,461.268,116.234,301.471,1.635,263.948
01-Mar-00,23-Mar-00,428.571,1.461,464.699,121.505,302.059,1.664,263.858
01-Apr-00,23-Mar-00,428.321,1.469,463.228,123.771,302.647,1.666,264.088
01-May-00,23-Mar-00,429.073,1.496,465.189,121.768,302.941,1.719,263.959
01-Jun-00,23-Mar-00,431.579,1.477,468.13,122.351,302.353,1.642,264.941
01-Jul-00,23-Mar-00,432.832,1.478,469.601,124.498,301.471,1.652,265.138
01-Aug-00,23-Mar-00,432.832,1.483,469.111,121.367,302.353,1.715,264.452
01-Sep-00,23-Mar-00,435.088,1.486,471.071,118.612,302.059,1.759,265.777
01-Oct-00,23-Mar-00,435.84,1.513,472.052,121.454,302.059,1.775,265.492
01-Nov-00,23-Mar-00,436.591,1.543,473.522,122.406,301.176,1.778,266.758
01-Dec-00,23-Mar-00,437.594,1.522,474.013,127.595,301.471,1.686,266.558
01-Jan-01,23-Mar-00,440.1,1.503,472.052,132.683,301.471,1.631,266.367
01-Feb-01,23-Mar-00,441.103,1.522,474.503,133.643,300.294,1.669,266.006
01-Mar-01,23-Mar-00,441.353,1.559,475.973,131.061,299.706,1.691,266.433
01-Apr-01,23-Mar-00,442.105,1.558,479.405,130.772,300.294,1.713,267.169
01-May-01,23-Mar-00,444.361,1.541,483.326,126.375,300.588,1.753,268.62
01-Jun-01,23-Mar-00,445.363,1.525,483.816,123.29,299.706,1.786,269.129
01-Jul-01,23-Mar-00,444.612,1.531,482.346,117.899,298.824,1.757,268.721
01-Aug-01,23-Mar-00,444.612,1.54,482.346,118.993,300,1.681,267.231
01-Sep-01,23-Mar-00,446.366,1.568,483.326,121.078,299.412,1.634,267.571
01-Oct-01,23-Mar-00,445.113,1.572,480.875,123.908,299.412,1.636,267.166
01-Nov-01,23-Mar-00,444.862,1.592,476.464,121.608,297.941,1.651,267.523
01-Dec-01,23-Mar-00,444.612,1.579,477.444,121.893,297.647,1.657,267.425
01-Jan-02,23-Mar-00,445.363,1.6,478.424,118.813,297.059,1.671,267.755
01-Feb-02,23-Mar-00,446.115,1.596,481.365,119.338,295.588,1.697,267.747
01-Mar-02,23-Mar-00,447.368,1.588,484.797,118.687,296.176,1.674,267.79
01-Apr-02,23-Mar-00,449.373,1.581,487.738,119.895,297.059,1.654,270.101
01-May-02,23-Mar-00,449.875,1.55,488.718,117.368,297.941,1.589,270.36
01-Jun-02,23-Mar-00,450.125,1.532,489.699,118.329,297.647,1.54,270.005
01-Jul-02,23-Mar-00,451.128,1.546,492.64,118.696,296.471,1.472,268.583
01-Aug-02,23-Mar-00,452.381,1.569,494.601,118.662,297.353,1.497,268.494
01-Sep-02,23-Mar-00,453.133,1.576,494.601,114.8,297.353,1.493,268.9
01-Oct-02,23-Mar-00,454.135,1.578,496.071,109.496,296.765,1.493,270.471
01-Nov-02,23-Mar-00,454.887,1.571,497.542,109.178,296.765,1.466,269.972
01-Dec-02,23-Mar-00,455.639,1.559,495.581,107.738,296.765,1.439,269.807
01-Jan-03,23-Mar-00,457.644,1.541,499.993,106.269,295.882,1.377,270.023
01-Feb-03,23-Mar-00,460.15,1.512,503.914,106.708,295,1.36,270.289
01-Mar-03,23-Mar-00,460.902,1.476,505.385,108.516,295.882,1.361,271.376
01-Apr-03,23-Mar-00,459.148,1.458,501.953,107.656,296.765,1.378,271.916
01-May-03,23-Mar-00,458.396,1.384,502.444,112.196,297.353,1.311,271.48
01-Jun-03,23-Mar-00,458.897,1.353,502.444,109.434,296.471,1.32,271.486
01-Jul-03,23-Mar-00,460.401,1.382,502.934,109.487,295.882,1.361,269.309
01-Aug-03,23-Mar-00,462.406,1.396,504.404,110.234,296.471,1.381,269.936
01-Sep-03,23-Mar-00,463.91,1.363,505.385,110.091,296.765,1.374,270.327
01-Oct-03,23-Mar-00,463.409,1.322,503.914,108.784,296.765,1.322,271.698
01-Nov-03,23-Mar-00,463.659,1.313,505.385,104.699,295.294,1.332,271.357
01-Dec-03,23-Mar-00,464.912,1.313,505.875,103.81,295.588,1.264,271.409
01-Jan-04,23-Mar-00,466.917,1.296,506.365,103.341,295,1.239,270.488
01-Feb-04,23-Mar-00,467.92,1.33,507.345,104.944,295,1.245,270.534
01-Mar-04,23-Mar-00,468.922,1.329,509.306,105.254,295.588,1.278,271.113
01-Apr-04,23-Mar-00,469.674,1.342,510.287,107.194,295.588,1.297,273.4
01-May-04,23-Mar-00,471.679,1.379,514.698,106.595,295.882,1.284,274.032
01-Jun-04,23-Mar-00,473.434,1.358,515.188,108.747,296.471,1.25,274.505
01-Jul-04,23-Mar-00,473.935,1.323,514.698,111.954,295.588,1.245,271.631
01-Aug-04,23-Mar-00,474.185,1.313,513.718,110.607,295.882,1.262,272.638
01-Sep-04,23-Mar-00,475.689,1.288,514.698,111.239,296.765,1.263,272.654
01-Oct-04,23-Mar-00,478.195,1.247,515.679,114.87,298.235,1.233,275.21
01-Nov-04,23-Mar-00,480.451,1.197,517.639,118.454,297.647,1.171,275.474
01-Dec-04,23-Mar-00,480.451,1.219,516.659,118.462,296.176,1.147,275.024
01-Jan-05,23-Mar-00,480.201,1.225,516.169,115.477,295.588,1.179,273.747
01-Feb-05,23-Mar-00,482.206,1.24,518.13,117.861,294.706,1.192,274.349
01-Mar-05,23-Mar-00,483.96,1.216,521.071,117.278,295.588,1.176,275.02
01-Apr-05,23-Mar-00,485.464,1.236,522.541,117.07,295.882,1.195,277.271
01-May-05,23-Mar-00,485.213,1.256,523.031,111.731,296.176,1.217,276.996
01-Jun-05,23-Mar-00,485.464,1.24,524.012,114.625,295,1.267,276.373
01-Jul-05,23-Mar-00,488.471,1.223,524.992,115.767,294.706,1.295,274.861
01-Aug-05,23-Mar-00,491.479,1.204,526.953,115.924,295,1.263,275.257
01-Sep-05,23-Mar-00,498.246,1.178,531.365,117.215,295.882,1.267,276.462
01-Oct-05,23-Mar-00,498.997,1.177,528.914,118.609,295.882,1.288,278.88
01-Nov-05,23-Mar-00,496.491,1.182,527.933,117.321,294.706,1.311,278.095
01-Dec-05,23-Mar-00,496.491,1.162,527.443,117.322,295,1.305,277.792
01-Jan-06,23-Mar-00,499.499,1.157,530.384,120.447,295.294,1.277,277.281
01-Feb-06,23-Mar-00,499.749,1.149,529.404,120.505,294.412,1.305,278.145
01-Mar-06,23-Mar-00,500.501,1.157,532.345,117.26,295,1.305,277.849
01-Apr-06,23-Mar-00,503.008,1.144,535.286,118.932,295.588,1.283,280.208
01-May-06,23-Mar-00,504.511,1.11,537.737,120.773,296.471,1.219,280.769
01-Jun-06,23-Mar-00,505.764,1.114,536.757,122.689,296.471,1.232,280.691
01-Jul-06,23-Mar-00,508.521,1.129,537.247,121.415,295.588,1.238,278.777
01-Aug-06,23-Mar-00,510.777,1.118,538.227,116.734,297.647,1.232,279.255
01-Sep-06,23-Mar-00,508.271,1.116,535.286,115.043,297.647,1.246,278.657
01-Oct-06,23-Mar-00,506.015,1.129,534.306,115.866,297.059,1.26,279.601
01-Nov-06,23-Mar-00,506.266,1.136,535.286,111.073,295.588,1.236,279.479
01-Dec-06,23-Mar-00,509.023,1.153,536.267,112.449,295.882,1.21,279.517
01-Jan-07,23-Mar-00,509.867,1.176,536.267,107.818,295.294,1.243,277.564
01-Feb-07,23-Mar-00,511.845,1.171,540.188,107.03,293.824,1.239,278.113
01-Mar-07,23-Mar-00,514.506,1.168,544.6,100.756,294.706,1.218,278.33
01-Apr-07,23-Mar-00,516.05,1.135,547.051,102.678,295.588,1.212,281.48
01-May-07,23-Mar-00,518.183,1.095,549.502,104.36,296.471,1.221,282.138
01-Jun-07,23-Mar-00,519.383,1.065,548.521,106.915,295.882,1.233,282.461
01-Jul-07,23-Mar-00,520.308,1.05,549.011,106.852,295.588,1.207,280.786
01-Aug-07,23-Mar-00,520.469,1.058,547.541,109.362,297.059,1.203,280.472
01-Sep-07,23-Mar-00,522.674,1.027,548.521,106.575,297.059,1.185,280.739
01-Oct-07,23-Mar-00,524.286,0.975,547.051,99.966,297.941,1.174,283.136
01-Nov-07,23-Mar-00,528.406,0.967,548.521,96.966,297.353,1.123,284.427
01-Dec-07,23-Mar-00,529.937,1.002,549.011,91.275,297.941,1.14,285.118
01-Jan-08,23-Mar-00,531.764,1.01,548.031,90.121,297.353,1.101,284.298
01-Feb-08,23-Mar-00,533.05,0.999,549.992,92.916,296.765,1.089,284.689
01-Mar-08,23-Mar-00,534.957,1.003,551.953,97.855,298.235,1.013,285.652
01-Apr-08,23-Mar-00,536.195,1.014,556.364,98.92,297.941,1.014,287.909
01-May-08,23-Mar-00,539.368,0.999,561.756,96.644,300.294,1.045,290.195
01-Jun-08,23-Mar-00,545.02,1.017,565.678,96.615,301.765,1.037,290.686
01-Jul-08,23-Mar-00,548.912,1.013,567.639,94.367,302.353,1.028,289.419
01-Aug-08,23-Mar-00,548.095,1.054,566.658,94.897,303.235,1.084,288.666
01-Sep-08,23-Mar-00,548.564,1.058,567.148,91.275,303.235,1.11,288.956
01-Oct-08,23-Mar-00,543.847,1.185,561.266,90.367,302.941,1.143,290.492
01-Nov-08,23-Mar-00,534.218,1.217,559.305,89.267,300.294,1.191,288.557
01-Dec-08,23-Mar-00,529.82,1.234,555.384,89.951,299.118,1.14,287.117
01-Jan-09,23-Mar-00,531.208,1.225,553.913,91.101,297.353,1.127,284.694
01-Feb-09,23-Mar-00,533.391,1.245,557.835,90.139,296.471,1.164,285.365
01-Mar-09,23-Mar-00,532.639,1.265,558.815,90.716,297.353,1.156,284.441
01-Apr-09,23-Mar-00,532.975,1.224,558.325,93.453,297.647,1.148,286.948
01-May-09,23-Mar-00,533.83,1.153,562.247,91.973,297.059,1.108,287.406
01-Jun-09,23-Mar-00,538.323,1.126,564.207,90.806,296.471,1.081,287.921
01-Jul-09,23-Mar-00,538.145,1.123,562.247,87.501,295.588,1.078,286.01
01-Aug-09,23-Mar-00,539.955,1.087,562.247,85.373,296.471,1.068,286.327
01-Sep-09,23-Mar-00,541.053,1.082,562.247,84.357,296.471,1.039,286.291
01-Oct-09,23-Mar-00,542.561,1.055,561.756,81.728,295.294,1.021,288.07
01-Nov-09,23-Mar-00,544.273,1.059,564.698,82.518,294.706,1.013,288.626
01-Dec-09,23-Mar-00,544.774,1.054,562.737,83.338,294.118,1.03,287.928
01-Jan-10,23-Mar-00,545.058,1.044,564.207,82.625,294.412,1.035,287.609
01-Feb-10,23-Mar-00,544.752,1.057,566.658,82.537,294.118,1.072,288.027
01-Mar-10,23-Mar-00,544.812,1.023,566.658,81.647,295,1.067,288.422
01-Apr-10,23-Mar-00,544.564,1.005,568.619,83.177,295.294,1.069,290.887
01-May-10,23-Mar-00,544.436,1.04,570.09,81.126,295,1.129,290.586
01-Jun-10,23-Mar-00,544.684,1.038,569.599,80.426,294.412,1.125,289.322
01-Jul-10,23-Mar-00,545.589,1.042,572.541,79.243,292.647,1.053,287.207
01-Aug-10,23-Mar-00,546.416,1.04,572.05,76.966,293.235,1.039,287.167
01-Sep-10,23-Mar-00,547.165,1.033,573.031,76.796,293.824,1,287.101
01-Oct-10,23-Mar-00,548.862,1.018,575.482,76.643,294.706,0.969,288.629
01-Nov-10,23-Mar-00,550.053,1.013,575.972,77.56,293.824,0.985,289.322
01-Dec-10,23-Mar-00,552.551,1.008,575.972,77.797,292.941,0.969,289.424
01-Jan-11,23-Mar-00,554.053,0.994,577.442,76.964,292.647,0.957,288.409
01-Feb-11,23-Mar-00,556.16,0.988,578.913,78.47,292.647,0.95,289.496
01-Mar-11,23-Mar-00,559.163,0.977,585.285,82.466,293.529,0.918,291.318
01-Apr-11,23-Mar-00,561.1,0.958,587.246,81.252,293.824,0.897,291.64
01-May-11,23-Mar-00,563.276,0.968,591.168,79.667,293.824,0.874,291.659
01-Jun-11,23-Mar-00,564.085,0.977,587.246,79.315,293.235,0.84,290.954
01-Jul-11,23-Mar-00,565.398,0.955,588.227,78.935,293.235,0.821,288.563
01-Aug-11,23-Mar-00,566.885,0.982,589.697,78.691,293.824,0.78,287.72
01-Sep-11,23-Mar-00,568.303,1.002,591.168,78.135,293.824,0.877,288.496
01-Oct-11,23-Mar-00,568.241,1.02,592.148,79.013,294.118,0.896,288.304
01-Nov-11,23-Mar-00,569.045,1.025,592.638,81.031,292.353,0.908,287.801
01-Dec-11,23-Mar-00,569.266,1.024,589.207,83.79,292.353,0.933,287.356
01-Jan-12,23-Mar-00,570.439,1.013,591.658,89.058,292.941,0.938,286.132
01-Feb-12,23-Mar-00,572.063,0.997,594.109,93.002,293.529,0.912,286.939
01-Mar-12,23-Mar-00,573.81,0.994,596.56,94.77,295,0.913,288.538
01-Apr-12,23-Mar-00,573.812,0.993,599.011,97.758,295.294,0.913,288.754
01-May-12,23-Mar-00,573.053,1.01,598.521,100.919,294.412,0.938,288.703
01-Jun-12,23-Mar-00,573.744,1.028,596.07,97.235,292.941,0.958,287.888
01-Jul-12,23-Mar-00,573.524,1.014,595.579,99.673,292.059,0.978,286.503
01-Aug-12,23-Mar-00,576.506,0.992,597.05,97.812,292.353,0.968,286.416
01-Sep-12,23-Mar-00,579.516,0.978,598.03,99.21,292.941,0.939,287.309
01-Oct-12,23-Mar-00,580.509,0.987,599.011,97.77,292.941,0.932,287.664
01-Nov-12,23-Mar-00,579.125,0.997,597.54,100.074,291.765,0.939,286.72
01-Dec-12,23-Mar-00,579.291,0.99,594.109,103.285,292.059,0.921,286.108
01-Jan-13,23-Mar-00,579.444,0.992,594.599,,292.059,0.923,285.361
01-Feb-13,23-Mar-00,583.383,1.01,601.462,,291.765,0.921,286.204
01-Mar-13,23-Mar-00,582.306,1.024,602.442,,292.353,0.947,286.826
01-Apr-13,23-Mar-00,580.163,1.019,601.462,,293.235,0.937,286.922
01-May-13,23-Mar-00,581.03,1.02,602.932,,293.529,0.956,287.238
01-Jun-13,23-Mar-00,583.82,1.031,602.932,,293.529,0.933,287.52
01-Jul-13,23-Mar-00,584.757,1.04,603.422,,294.118,0.945,286.495
01-Aug-13,23-Mar-00,585.278,1.041,603.422,,295,0.926,286.288
01-Sep-13,23-Mar-00,586.333,1.034,604.403,,295.882,0.923,287.15
01-Oct-13,23-Mar-00,585.985,1.036,602.932,,,0.902,286.929
01-Nov-13,23-Mar-00,586.183,1.049,,,,0.913,
